match_id,match_name,match_url,source_url
95dd9851-e3f9-4049-86eb-25820c658b5a,Baps USPSA May 2026,https://practiscore.com/results/all/95dd9851-e3f9-4049-86eb-25820c658b5a,https://practiscore.com/results?query=baps%20uspsa
ae234d4e-eb2e-45a4-806f-1a992c5c3342,Baps USPSA March 2026,https://practiscore.com/results/all/ae234d4e-eb2e-45a4-806f-1a992c5c3342,https://practiscore.com/results?query=baps%20uspsa
358c2840-02ed-483a-962a-076674a90fe2,Baps USPSA February 2026,https://practiscore.com/results/all/358c2840-02ed-483a-962a-076674a90fe2,https://practiscore.com/results?query=baps%20uspsa
914f8cad-3c89-4335-b723-e8edc26424e3,Baps USPSA January 2026,https://practiscore.com/results/all/914f8cad-3c89-4335-b723-e8edc26424e3,https://practiscore.com/results?query=baps%20uspsa
fc910a6c-ff54-400c-91df-6f39df39464c,Baps USPSA December 2025,https://practiscore.com/results/all/fc910a6c-ff54-400c-91df-6f39df39464c,https://practiscore.com/results?query=baps%20uspsa
8c47ab24-490e-4f8c-b55d-ae1b31e4bdef,Baps USPSA November 2025,https://practiscore.com/results/all/8c47ab24-490e-4f8c-b55d-ae1b31e4bdef,https://practiscore.com/results?query=baps%20uspsa
1cde22e7-3137-4bd7-babb-f5a32669dc97,Baps USPSA October 2025,https://practiscore.com/results/all/1cde22e7-3137-4bd7-babb-f5a32669dc97,https://practiscore.com/results?query=baps%20uspsa
45c283b2-1a42-47ce-83e7-629f0003ec0a,Baps USPSA July 2025,https://practiscore.com/results/all/45c283b2-1a42-47ce-83e7-629f0003ec0a,https://practiscore.com/results?query=baps%20uspsa
61cfe20d-c73d-4519-ad84-d0639b89b36f,Baps USPSA June 2025,https://practiscore.com/results/all/61cfe20d-c73d-4519-ad84-d0639b89b36f,https://practiscore.com/results?query=baps%20uspsa
3e88b01c-8b7f-4eba-a18c-cae45223b4b4,Baps USPSA April 2025,https://practiscore.com/results/all/3e88b01c-8b7f-4eba-a18c-cae45223b4b4,https://practiscore.com/results?query=baps%20uspsa
acfaf686-c0bc-4461-a1c6-0f22a6003747,Baps USPSA March 2025,https://practiscore.com/results/all/acfaf686-c0bc-4461-a1c6-0f22a6003747,https://practiscore.com/results?query=baps%20uspsa
3b59d29d-37df-4fd3-8d0a-aee96d148ffb,BAPS USPSA December 2024,https://practiscore.com/results/all/3b59d29d-37df-4fd3-8d0a-aee96d148ffb,https://practiscore.com/results?query=baps%20uspsa
c904e8f1-3220-4c24-8c98-ee8ebd0192bd,BAPS USPSA November 2024,https://practiscore.com/results/all/c904e8f1-3220-4c24-8c98-ee8ebd0192bd,https://practiscore.com/results?query=baps%20uspsa
6bd1d685-5f6b-4d46-9172-52cd14b2f9c4,BAPS USPSA October 2024,https://practiscore.com/results/all/6bd1d685-5f6b-4d46-9172-52cd14b2f9c4,https://practiscore.com/results?query=baps%20uspsa
361c4247-e8cd-4484-bc18-5e433a318aea,BAPS USPSA September 2024,https://practiscore.com/results/all/361c4247-e8cd-4484-bc18-5e433a318aea,https://practiscore.com/results?query=baps%20uspsa
743edaa2-b19f-4183-a88a-ddf2fd54b69c,BAPS USPSA June 2024,https://practiscore.com/results/all/743edaa2-b19f-4183-a88a-ddf2fd54b69c,https://practiscore.com/results?query=baps%20uspsa
e4bef714-f7c5-4be5-a243-524a41e69568,BAPS USPSA May 2024,https://practiscore.com/results/all/e4bef714-f7c5-4be5-a243-524a41e69568,https://practiscore.com/results?query=baps%20uspsa
8c6f389c-37b1-496d-bb5f-e683ee04603c,BAPS USPSA April 2024,https://practiscore.com/results/all/8c6f389c-37b1-496d-bb5f-e683ee04603c,https://practiscore.com/results?query=baps%20uspsa
eb10bbe3-6f37-46cf-9b98-a009379d4930,BAPS USPSA January 2024,https://practiscore.com/results/all/eb10bbe3-6f37-46cf-9b98-a009379d4930,https://practiscore.com/results?query=baps%20uspsa
e6377813-91dd-47f0-a67d-f75ae2a9bd3c,BAPS USPSA November 2023,https://practiscore.com/results/all/e6377813-91dd-47f0-a67d-f75ae2a9bd3c,https://practiscore.com/results?query=baps%20uspsa
8b55e4ed-dbbe-4986-afda-d828e1d18374,BAPS USPSA September 2023,https://practiscore.com/results/all/8b55e4ed-dbbe-4986-afda-d828e1d18374,https://practiscore.com/results?query=baps%20uspsa
5491c7df-d470-4d45-9919-fe24331c6f36,BAPS USPSA June 2023,https://practiscore.com/results/all/5491c7df-d470-4d45-9919-fe24331c6f36,https://practiscore.com/results?query=baps%20uspsa
9c408457-3aae-4a66-9f88-c0cdcf9a1994,BAPS USPSA May 2023,https://practiscore.com/results/all/9c408457-3aae-4a66-9f88-c0cdcf9a1994,https://practiscore.com/results?query=baps%20uspsa
14a87c8b-ca83-4a2b-a2b6-53337c00e8a2,BAPS USPSA April 2023,https://practiscore.com/results/all/14a87c8b-ca83-4a2b-a2b6-53337c00e8a2,https://practiscore.com/results?query=baps%20uspsa
9d4a3106-5f04-4782-b0f3-ca09cc314f56,BAPS USPSA February 2023,https://practiscore.com/results/all/9d4a3106-5f04-4782-b0f3-ca09cc314f56,https://practiscore.com/results?query=baps%20uspsa
be2edbab-09fd-4c46-8552-67937065de46,Baps USPSA December 2022,https://practiscore.com/results/all/be2edbab-09fd-4c46-8552-67937065de46,https://practiscore.com/results?query=baps%20uspsa
a8bbe997-8ab5-4237-abd4-ff900eafc6f9,BAPS USPSA October 2022,https://practiscore.com/results/all/a8bbe997-8ab5-4237-abd4-ff900eafc6f9,https://practiscore.com/results?query=baps%20uspsa
f2e271eb-05f0-494f-a0f4-edc4daf64764,BAPS USPSA September 2022,https://practiscore.com/results/all/f2e271eb-05f0-494f-a0f4-edc4daf64764,https://practiscore.com/results?query=baps%20uspsa
5c9f54bf-dcfe-4289-9706-ad3636fac635,BAPS USPSA July 2022,https://practiscore.com/results/all/5c9f54bf-dcfe-4289-9706-ad3636fac635,https://practiscore.com/results?query=baps%20uspsa
3fabaf86-410d-4841-b589-ee230a6f5d1f,BAPS USPSA May 2022,https://practiscore.com/results/all/3fabaf86-410d-4841-b589-ee230a6f5d1f,https://practiscore.com/results?query=baps%20uspsa
937a73b9-10b1-4dc9-84ea-d4f725e368b4,BAPS USPSA April 2022,https://practiscore.com/results/all/937a73b9-10b1-4dc9-84ea-d4f725e368b4,https://practiscore.com/results?query=baps%20uspsa
3a30d94e-4ada-428e-b141-b914bb90e086,BAPS USPSA March 2022,https://practiscore.com/results/all/3a30d94e-4ada-428e-b141-b914bb90e086,https://practiscore.com/results?query=baps%20uspsa
6f13718c-b891-46ac-ae54-c77a175da8dd,BAPS USPSA February,https://practiscore.com/results/all/6f13718c-b891-46ac-ae54-c77a175da8dd,https://practiscore.com/results?query=baps%20uspsa
3ec18591-77b2-4e00-842d-13c668acf26b,BAPS USPSA January,https://practiscore.com/results/all/3ec18591-77b2-4e00-842d-13c668acf26b,https://practiscore.com/results?query=baps%20uspsa
a18fbbe1-663b-4f8c-92f7-740e45f96c43,BAPS USPSA November,https://practiscore.com/results/all/a18fbbe1-663b-4f8c-92f7-740e45f96c43,https://practiscore.com/results?query=baps%20uspsa
24a8b6a6-e0b5-42fa-b475-366337f0bcf4,BAPS USPSA October,https://practiscore.com/results/all/24a8b6a6-e0b5-42fa-b475-366337f0bcf4,https://practiscore.com/results?query=baps%20uspsa
0e6ef52d-a3d8-4810-9b5a-b0068f922109,BAPS USPSA September,https://practiscore.com/results/all/0e6ef52d-a3d8-4810-9b5a-b0068f922109,https://practiscore.com/results?query=baps%20uspsa
ab04f16a-f19a-4f60-afaa-2cf0aa4394a9,BAPS USPSA August,https://practiscore.com/results/all/ab04f16a-f19a-4f60-afaa-2cf0aa4394a9,https://practiscore.com/results?query=baps%20uspsa
d71c427a-b00b-484f-a898-62d29eaa4dd7,BAPS USPSA July,https://practiscore.com/results/all/d71c427a-b00b-484f-a898-62d29eaa4dd7,https://practiscore.com/results?query=baps%20uspsa
da635763-90a2-4db0-a261-1c9e1a26621e,BAPS USPSA June,https://practiscore.com/results/all/da635763-90a2-4db0-a261-1c9e1a26621e,https://practiscore.com/results?query=baps%20uspsa
3998e14b-3226-496f-9097-a3f6e51e9877,BAPS USPSA May,https://practiscore.com/results/all/3998e14b-3226-496f-9097-a3f6e51e9877,https://practiscore.com/results?query=baps%20uspsa
9fedd4e6-34f4-447d-889e-64091940e83f,BAPS USPSA March,https://practiscore.com/results/all/9fedd4e6-34f4-447d-889e-64091940e83f,https://practiscore.com/results?query=baps%20uspsa
60cab00b-3eed-47fc-bab1-ae5f0251c352,BAPS USPSA January,https://practiscore.com/results/all/60cab00b-3eed-47fc-bab1-ae5f0251c352,https://practiscore.com/results?query=baps%20uspsa
dfe92a74-b7b3-4b06-9df7-3298a2febc1a,BAPS USPSA October,https://practiscore.com/results/all/dfe92a74-b7b3-4b06-9df7-3298a2febc1a,https://practiscore.com/results?query=baps%20uspsa
eb2262ba-3b14-4688-8615-c936afbeed70,BAPS USPSA September,https://practiscore.com/results/all/eb2262ba-3b14-4688-8615-c936afbeed70,https://practiscore.com/results?query=baps%20uspsa
bdf4036b-5e2f-4cb0-9f11-e447ca050d5a,BAPS USPSA July,https://practiscore.com/results/all/bdf4036b-5e2f-4cb0-9f11-e447ca050d5a,https://practiscore.com/results?query=baps%20uspsa
7762de58-6d18-4980-84b2-0cd7d3e4ea9d,BAPS USPSA February,https://practiscore.com/results/all/7762de58-6d18-4980-84b2-0cd7d3e4ea9d,https://practiscore.com/results?query=baps%20uspsa
a4d409c8-60f5-4ed1-a6e7-989f36d0fe3b,BAPS USPSA December,https://practiscore.com/results/all/a4d409c8-60f5-4ed1-a6e7-989f36d0fe3b,https://practiscore.com/results?query=baps%20uspsa
3016740d-3f2f-4f27-8d90-3f542873ea4b,BAPS USPSA October,https://practiscore.com/results/all/3016740d-3f2f-4f27-8d90-3f542873ea4b,https://practiscore.com/results?query=baps%20uspsa
c8a7b035-fc96-4881-81e0-65ce812d29c5,BAPS USPSA August,https://practiscore.com/results/all/c8a7b035-fc96-4881-81e0-65ce812d29c5,https://practiscore.com/results?query=baps%20uspsa
97128d94-fb41-4256-a74b-57e5bb3c6fec,BAPS USPSA June,https://practiscore.com/results/all/97128d94-fb41-4256-a74b-57e5bb3c6fec,https://practiscore.com/results?query=baps%20uspsa
3a772872-f830-4092-8de6-2663703a3c89,BAPS USPSA May,https://practiscore.com/results/all/3a772872-f830-4092-8de6-2663703a3c89,https://practiscore.com/results?query=baps%20uspsa
2eb6dbfd-b2a3-46b1-8a77-d3551dde7d35,BAPS USPSA April,https://practiscore.com/results/all/2eb6dbfd-b2a3-46b1-8a77-d3551dde7d35,https://practiscore.com/results?query=baps%20uspsa
c5f1ee3f-0770-4471-95f5-5d308619e95c,BAPS USPSA March,https://practiscore.com/results/all/c5f1ee3f-0770-4471-95f5-5d308619e95c,https://practiscore.com/results?query=baps%20uspsa
e685cdbb-1691-4f4a-accd-3b49d3a0611c,BAPS USPSA February,https://practiscore.com/results/all/e685cdbb-1691-4f4a-accd-3b49d3a0611c,https://practiscore.com/results?query=baps%20uspsa
91b2e9c2-1080-4696-b0dc-f5f3e0a105b9,BAPS USPSA December,https://practiscore.com/results/all/91b2e9c2-1080-4696-b0dc-f5f3e0a105b9,https://practiscore.com/results?query=baps%20uspsa
17a1a7a3-deb9-47a7-a813-06da16e7d615,Baps USPSA November,https://practiscore.com/results/all/17a1a7a3-deb9-47a7-a813-06da16e7d615,https://practiscore.com/results?query=baps%20uspsa
6756bbe2-7f56-4cb9-b014-d19f9b8ee7c6,BAPS USPSA October,https://practiscore.com/results/all/6756bbe2-7f56-4cb9-b014-d19f9b8ee7c6,https://practiscore.com/results?query=baps%20uspsa
01b19908-0e40-429a-aa0f-a38d24ee13d3,BAPS USPSA August,https://practiscore.com/results/all/01b19908-0e40-429a-aa0f-a38d24ee13d3,https://practiscore.com/results?query=baps%20uspsa
13021746-bc87-4232-ac46-c9a817c6d8f7,BAPS USPSA July,https://practiscore.com/results/all/13021746-bc87-4232-ac46-c9a817c6d8f7,https://practiscore.com/results?query=baps%20uspsa
c8c9f310-5f57-41f7-98b6-5eacce96d60b,BAPS USPSA June,https://practiscore.com/results/all/c8c9f310-5f57-41f7-98b6-5eacce96d60b,https://practiscore.com/results?query=baps%20uspsa
86d5bdaf-c1c3-40bb-8af3-1e6b70e472b4,BAPS USPSA May,https://practiscore.com/results/all/86d5bdaf-c1c3-40bb-8af3-1e6b70e472b4,https://practiscore.com/results?query=baps%20uspsa
e7800733-888b-4986-9919-563f85089b95,BAPS USPSA April,https://practiscore.com/results/all/e7800733-888b-4986-9919-563f85089b95,https://practiscore.com/results?query=baps%20uspsa
7a5804d8-5d71-4757-ac39-2523e0f12fab,BAPS USPSA March,https://practiscore.com/results/all/7a5804d8-5d71-4757-ac39-2523e0f12fab,https://practiscore.com/results?query=baps%20uspsa
338f4557-8d08-46c3-8137-9943bd61ccca,BAPS USPSA November,https://practiscore.com/results/all/338f4557-8d08-46c3-8137-9943bd61ccca,https://practiscore.com/results?query=baps%20uspsa
cd30f5ae-e52a-4e22-81e3-95a7e15dc680,BAPS USPSA September,https://practiscore.com/results/all/cd30f5ae-e52a-4e22-81e3-95a7e15dc680,https://practiscore.com/results?query=baps%20uspsa
44b2c37c-1324-486f-938f-215c25f82b80,BAPS USPSA August,https://practiscore.com/results/all/44b2c37c-1324-486f-938f-215c25f82b80,https://practiscore.com/results?query=baps%20uspsa
0b2d5865-ce7b-4bca-b2a4-13a33fe2b7b3,BAPS USPSA July,https://practiscore.com/results/all/0b2d5865-ce7b-4bca-b2a4-13a33fe2b7b3,https://practiscore.com/results?query=baps%20uspsa
e6212746-aabe-4dcf-9f88-6aebf7062c79,BAPS USPSA May,https://practiscore.com/results/all/e6212746-aabe-4dcf-9f88-6aebf7062c79,https://practiscore.com/results?query=baps%20uspsa
3dc7aaca-b408-4d6d-a1dc-446183a03ee7,BAPS USPSA June,https://practiscore.com/results/all/3dc7aaca-b408-4d6d-a1dc-446183a03ee7,https://practiscore.com/results?query=baps%20uspsa
15b11fee-016c-4452-877e-db2e37e2fcb6,BAPS Uspsa April,https://practiscore.com/results/all/15b11fee-016c-4452-877e-db2e37e2fcb6,https://practiscore.com/results?query=baps%20uspsa
b590be85-c143-4da2-878b-55573e0dbfe8,Baps Uspsa July,https://practiscore.com/results/all/b590be85-c143-4da2-878b-55573e0dbfe8,https://practiscore.com/results?query=baps%20uspsa
753dd0af-3e5d-4759-8962-2b021cd7bafa,Baps Uspsa April,https://practiscore.com/results/all/753dd0af-3e5d-4759-8962-2b021cd7bafa,https://practiscore.com/results?query=baps%20uspsa
05b9b7cd-5094-4591-9b2b-9cd74ec2b683,Baps Uspsa August,https://practiscore.com/results/all/05b9b7cd-5094-4591-9b2b-9cd74ec2b683,https://practiscore.com/results?query=baps%20uspsa
f1466ea3-09eb-4c83-ba45-05c2108b5380,BAPS March Uspsa,https://practiscore.com/results/all/f1466ea3-09eb-4c83-ba45-05c2108b5380,https://practiscore.com/results?query=baps%20uspsa
b56e11c6-dd4f-429e-bb74-a6297dbe3e4e,BAPS February Uspsa,https://practiscore.com/results/all/b56e11c6-dd4f-429e-bb74-a6297dbe3e4e,https://practiscore.com/results?query=baps%20uspsa
c569eac9-a465-430f-b0b9-d472de1509c4,Baps December Uspsa,https://practiscore.com/results/all/c569eac9-a465-430f-b0b9-d472de1509c4,https://practiscore.com/results?query=baps%20uspsa
3e4615b7-73bc-4ab2-95f4-5f43cad984d5,Baps November Uspsa,https://practiscore.com/results/all/3e4615b7-73bc-4ab2-95f4-5f43cad984d5,https://practiscore.com/results?query=baps%20uspsa
0e41a416-b168-40a9-b177-7d50b841f097,Baps October USPSA,https://practiscore.com/results/all/0e41a416-b168-40a9-b177-7d50b841f097,https://practiscore.com/results?query=baps%20uspsa
b6a92410-edb1-45fd-ba29-af8e783362d6,Baps June Uspsa,https://practiscore.com/results/all/b6a92410-edb1-45fd-ba29-af8e783362d6,https://practiscore.com/results?query=baps%20uspsa
e48069f6-f387-4772-939e-79fc18437501,Baps May Uspsa,https://practiscore.com/results/all/e48069f6-f387-4772-939e-79fc18437501,https://practiscore.com/results?query=baps%20uspsa
f2c37264-72b9-4ea2-ab1d-ae289ac10f58,Baps March Uspsa,https://practiscore.com/results/all/f2c37264-72b9-4ea2-ab1d-ae289ac10f58,https://practiscore.com/results?query=baps%20uspsa
276808a5-9cef-475e-9324-12e973947ba8,Baps February Uspsa,https://practiscore.com/results/all/276808a5-9cef-475e-9324-12e973947ba8,https://practiscore.com/results?query=baps%20uspsa
4d206207-8af6-4986-8a24-1bc228ab4187,Baps January Uspsa 2016,https://practiscore.com/results/all/4d206207-8af6-4986-8a24-1bc228ab4187,https://practiscore.com/results?query=baps%20uspsa
8e9bb066-5314-45de-91b2-268c2460ddbb,Baps December Uspsa,https://practiscore.com/results/all/8e9bb066-5314-45de-91b2-268c2460ddbb,https://practiscore.com/results?query=baps%20uspsa
ae528d20-9a9e-4ffe-835e-181656d3123f,Baps October Uspsa,https://practiscore.com/results/all/ae528d20-9a9e-4ffe-835e-181656d3123f,https://practiscore.com/results?query=baps%20uspsa
bba87d19-dee2-4acf-aabf-86c68ffe132a,"BAS USPSA May 19,2019",https://practiscore.com/results/all/bba87d19-dee2-4acf-aabf-86c68ffe132a,https://practiscore.com/results?query=baps%20uspsa
1660abb6-a5c4-495f-b8a2-0dd8ecb9f2b1,"BPS USPSA May 12, 2019",https://practiscore.com/results/all/1660abb6-a5c4-495f-b8a2-0dd8ecb9f2b1,https://practiscore.com/results?query=baps%20uspsa
1fdfadac-61ed-448b-aff7-e56ddaded5f6,"BPS USPSA May 5, 2019",https://practiscore.com/results/all/1fdfadac-61ed-448b-aff7-e56ddaded5f6,https://practiscore.com/results?query=baps%20uspsa
7ef1cdd8-fcb0-410c-a712-f496c363d595,"BPS USPSA Apr 27, 2019",https://practiscore.com/results/all/7ef1cdd8-fcb0-410c-a712-f496c363d595,https://practiscore.com/results?query=baps%20uspsa
00bb0028-b53a-4b25-ab67-a81e4aaddb4b,"BPS USPSA Apr 21, 2019",https://practiscore.com/results/all/00bb0028-b53a-4b25-ab67-a81e4aaddb4b,https://practiscore.com/results?query=baps%20uspsa
022c4842-2046-4207-9a44-2cae3e5c8cdb,"BPS USPSA Apr 14, 2019",https://practiscore.com/results/all/022c4842-2046-4207-9a44-2cae3e5c8cdb,https://practiscore.com/results?query=baps%20uspsa
a98add8f-c4b5-4719-9b07-0bed3c043899,"BPS USPSA Mar 31, 2019",https://practiscore.com/results/all/a98add8f-c4b5-4719-9b07-0bed3c043899,https://practiscore.com/results?query=baps%20uspsa
1c0bd7b1-1ce4-4a44-ad6e-48ec666cffd5,"BAS USPSA Mar 17, 2019",https://practiscore.com/results/all/1c0bd7b1-1ce4-4a44-ad6e-48ec666cffd5,https://practiscore.com/results?query=baps%20uspsa
3d34e2be-1f4c-416f-9f5d-c6e6045a9a5a,BPS USPSA 2 Mar 2019,https://practiscore.com/results/all/3d34e2be-1f4c-416f-9f5d-c6e6045a9a5a,https://practiscore.com/results?query=baps%20uspsa
7f97fd06-ea98-4223-9472-e50ea099820f,"BIPS USPSA Jan 20, 2019",https://practiscore.com/results/all/7f97fd06-ea98-4223-9472-e50ea099820f,https://practiscore.com/results?query=baps%20uspsa
92cfe40c-2d2c-44a4-bfff-54e4404372e5,"BAS USPSA Nov 18, 2018",https://practiscore.com/results/all/92cfe40c-2d2c-44a4-bfff-54e4404372e5,https://practiscore.com/results?query=baps%20uspsa
9163613f-2562-4b4e-ba43-4646b5b61a6b,"BIPS USPSA Oct 21, 2018",https://practiscore.com/results/all/9163613f-2562-4b4e-ba43-4646b5b61a6b,https://practiscore.com/results?query=baps%20uspsa
6d39b9ea-5fea-4bb3-9ff9-56b0dfcd26e5,"BAS USPSA Oct 21, 2018",https://practiscore.com/results/all/6d39b9ea-5fea-4bb3-9ff9-56b0dfcd26e5,https://practiscore.com/results?query=baps%20uspsa
fce9495d-238f-4774-85b8-ce9059532b5b,"BIPS USPSA Sep 16, 2018",https://practiscore.com/results/all/fce9495d-238f-4774-85b8-ce9059532b5b,https://practiscore.com/results?query=baps%20uspsa
